,MAE,RMSE
XGBoost,6.93329173120959,9.569386139006031
