,MAE,RMSE,MSE
NaiveBaseline,8.822667439778646,10.435099941990932,
ARIMA,9.587929229837986,11.306927998727037,
NeuralProphet,39.861873372395834,41.06657600740126,
XGBoost,4.315046639278017,5.235881106412817,27.41445096049071
LSTM,17.34283548990885,18.422394991307844,
