,MAE,RMSE,MSE
NaiveBaseline,8.822667439778646,10.435099941990932,
ARIMA,9.587929229837986,11.306927998727037,
NeuralProphet,39.34115498860677,40.53108970602129,
XGBoost,3.8173055013020796,4.57756615160316,20.954111872302967
LSTM,5.011953735351558,6.303650503238223,
