,MAE,RMSE
Naive Baseline,8.073673502604162,10.38798543180574
ARIMA,30.755956942519685,37.45374129224472
NeuralProphet,39.03146565755208,40.94667988328041
XGBoost,6.9260538035425645,9.568670613525907
LSTM,8.484945678710936,10.266859907497649
